{
  "credit": "Made with Blockbench",
  "parent": "builtin/entity",
  "texture_size": [
    64,
    64
  ],
  "display": {
    "thirdperson_righthand": {
      "rotation": [
        -176.75,
        0,
        0
      ],
      "translation": [
        0,
        2.75,
        -1
      ]
    },
    "thirdperson_lefthand": {
      "rotation": [
        -176.75,
        0,
        0
      ],
      "translation": [
        0,
        2.75,
        -1
      ]
    },
    "firstperson_righthand": {
      "rotation": [
        -172.8,
        -2.93,
        169.7
      ],
      "translation": [
        -1,
        0,
        0.75
      ]
    },
    "firstperson_lefthand": {
      "rotation": [
        -161.58,
        2.3,
        -5.25
      ],
      "translation": [
        -1,
        3.25,
        1
      ]
    },
    "ground": {
      "translation": [
        0,
        -5.25,
        0
      ],
      "scale": [
        2.00390625,
        2.00390625,
        2.00390625
      ]
    },
    "gui": {
      "rotation": [
        -89.99,
        -45,
        180
      ],
      "scale": [
        1.291015625,
        1.291015625,
        1.291015625
      ]
    },
    "fixed": {
      "rotation": [
        -90,
        45,
        0
      ],
      "scale": [
        1.291015625,
        1.291015625,
        1.291015625
      ]
    }
  }
}