{
  "credit": "Made with Blockbench",
  "parent": "builtin/entity",
  "texture_size": [
    64,
    64
  ],
  "display": {
    "thirdperson_righthand": {
      "rotation": [
        91.5,
        0,
        0
      ],
      "translation": [
        0,
        -1,
        -2.75
      ],
      "scale": [
        0.40625,
        0.40625,
        0.40625
      ]
    },
    "thirdperson_lefthand": {
      "rotation": [
        91.5,
        0,
        0
      ],
      "translation": [
        0,
        -1,
        -2.75
      ],
      "scale": [
        0.40625,
        0.40625,
        0.40625
      ]
    },
    "firstperson_righthand": {
      "rotation": [
        83.83,
        -2,
        18.64
      ],
      "translation": [
        -3.5,
        5.25,
        4.5
      ],
      "scale": [
        0.287109375,
        0.287109375,
        0.287109375
      ]
    },
    "firstperson_lefthand": {
      "rotation": [
        83.83,
        -2,
        18.64
      ],
      "translation": [
        -3.5,
        5.25,
        4.5
      ],
      "scale": [
        0.287109375,
        0.287109375,
        0.287109375
      ]
    },
    "ground": {
      "rotation": [
        89.5,
        -1.54,
        -1.58
      ],
      "translation": [
        0,
        2.75,
        0
      ]
    },
    "gui": {
      "rotation": [
        90,
        0,
        0
      ],
      "translation": [
        0.25,
        0.5,
        0
      ],
      "scale": [
        0.888671875,
        0.888671875,
        0.888671875
      ]
    },
    "fixed": {
      "rotation": [
        90,
        0,
        180
      ],
      "translation": [
        0,
        0,
        1
      ]
    }
  }
}